Workbook

Sheet TCO Model
A1: Lab 2a – Total Cost of Ownership (TCO) Printer Comparison (SGD)
A2: Assumptions | E2: Printer Inputs
A3: Comparison years | B3: 5 | C3: Lab brief | E3: Input | F3: Epson EcoTank L4260 | G3: Brother DCP-L2640DW | H3: Notes
A4: Weeks per year | B4: 52 | C4: Standard | E4: Purchase price | F4: 406.95 | G4: 278 | H4: Printer price
A5: Pages per week | B5: 750 | C5: Lab brief | E5: Consumable price | F5: 10.5 | G5: 65 | H5: Black ink bottle / toner
A6: Hours powered per week | B6: 40 | C6: Lab brief | E6: Consumable yield (pages) | F6: 4500 | G6: 1200 | H6: Approx. pages per unit
A7: Total pages (5 yrs) | B7: =B3*B4*B5 -> 195000 | C7: Formula | E7: Ready power (W) | F7: 4.3 | G7: 43 | H7: Used for electricity estimate
A8: Paper sheets per ream | B8: 500 | C8: Standard
A9: Electricity tariff (SGD/kWh) | B9: 0.2972 | C9: EMA Apr-Jun 2026 incl. GST
A10: Print mix | B10: Mostly black text documents | C10: Simplifying assumption
A13: 5-Year TCO Calculation
A14: Cost item | B14: Type | C14: Epson unit price | D14: Epson units | E14: Epson total | F14: Brother unit price | G14: Brother units | H14: Brother total | I14: Note
A15: Printer purchase | B15: Fixed | C15: =F4 -> 406.95 | D15: 1 | E15: =C15*D15 -> 406.95 | F15: =G4 -> 278 | G15: 1 | H15: =F15*G15 -> 278 | I15: Unit price × units
A16: Consumables | B16: Variable | C16: =F5 -> 10.5 | D16: =ROUNDUP($B$7/F6,0) -> 44 | E16: =C16*D16 -> 462 | F16: =G5 -> 65 | G16: =ROUNDUP($B$7/G6,0) -> 163 | H16: =F16*G16 -> 10595 | I16: Round up units needed
A17: Paper | B17: Variable | C17: 5.55 | D17: =$B$7/$B$8 -> 390 | E17: =C17*D17 -> 2164.5 | F17: 5.55 | G17: =$B$7/$B$8 -> 390 | H17: =F17*G17 -> 2164.5 | I17: Same for both
A18: Electricity | B18: Variable | C18: =$B$9 -> 0.2972 | D18: =(F7/1000)*$B$6*$B$4*$B$3 -> 44.72 | E18: =C18*D18 -> 13.290784 | F18: =$B$9 -> 0.2972 | G18: =(G7/1000)*$B$6*$B$4*$B$3 -> 447.2 | H18: =F18*G18 -> 132.90784 | I18: Tariff × kWh
A20: Total TCO (5 years) | E20: =SUM(E15:E18) -> 3046.7408 | H20: =SUM(H15:H18) -> 13170.408
A21: Cost per page | E21: =E20/$B$7 -> 0.015624312 | H21: =H20/$B$7 -> 0.067540553
A22: Cheaper option | E22: =IF(E20<H20,"Epson EcoTank L4260","Brother DCP-L2640DW") -> Epson EcoTank L4260 | F22: Difference | H22: =ABS(E20-H20) -> 10123.667
A24: Home-Use Sensitivity Check (5 pages/week) | F24: Break-even
A25: Metric | B25: Epson | C25: Brother | D25: Note | F25: Metric | G25: Value | H25: Note
A26: Total pages in 5 years | B26: =5*$B$4*$B$3 -> 1300 | C26: =5*$B$4*$B$3 -> 1300 | D26: 5 pages/week | F26: Purchase price difference | G26: =ABS(F4-G4) -> 128.95 | H26: Epson costs more upfront
A27: Consumables needed | B27: =ROUNDUP(B26/F6,0) -> 1 | C27: =ROUNDUP(C26/G6,0) -> 2 | D27: Black pages only | F27: Variable cost/page (Epson) | G27: =F5/F6 + 5.55/$B$8 + ((F7/1000)*$B$6*$B$4*$B$3*$B$9)/$B$7 -> 0.013501491 | H27: Consumables + paper + electricity
A28: Home-use TCO | B28: =F4+(B27*F5)+((B26/$B$8)*5.55)+((F7/1000)*$B$6*$B$4*$B$3*(5/$B$5))*$B$9 -> 431.96861 | C28: =G4+(C27*G5)+((C26/$B$8)*5.55)+((G7/1000)*$B$6*$B$4*$B$3*(5/$B$5))*$B$9 -> 423.31605 | D28: Electricity scaled to low usage | F28: Variable cost/page (Brother) | G28: =G5/G6 + 5.55/$B$8 + ((G7/1000)*$B$6*$B$4*$B$3*$B$9)/$B$7 -> 0.065948245 | H28: Consumables + paper + electricity
F29: Break-even pages | G29: =IF(G28>G27,G26/(G28-G27),"No positive break-even") -> 2458.6841 | H29: Pages where Epson catches up
F30: Break-even weeks @750 p/w | G30: =IF(ISNUMBER(G29),G29/$B$5,"N/A") -> 3.2782455 | H30: Pages divided by weekly volume

Sheet Break-even Chart
A1: Break-even progression (total cost vs pages printed)
A2: Pages printed | B2: Epson total cost | C2: Brother total cost
A3: 0 | B3: ='TCO Model'!$F$4 + (A3/'TCO Model'!$F$6)*'TCO Model'!$F$5 + (A3/'TCO Model'!$B$8)*5.55 + ((( 'TCO Model'!$F$7/1000)*'TCO Model'!$B$6*'TCO Model'!$B$4*'TCO Model'!$B$3)*'TCO Model'!$B$9)*(A3/'TCO Model'!$B$7) -> 406.95 | C3: ='TCO Model'!$G$4 + (A3/'TCO Model'!$G$6)*'TCO Model'!$G$5 + (A3/'TCO Model'!$B$8)*5.55 + ((( 'TCO Model'!$G$7/1000)*'TCO Model'!$B$6*'TCO Model'!$B$4*'TCO Model'!$B$3)*'TCO Model'!$B$9)*(A3/'TCO Model'!$B$7) -> 278
A4: 25000 | B4: ='TCO Model'!$F$4 + (A4/'TCO Model'!$F$6)*'TCO Model'!$F$5 + (A4/'TCO Model'!$B$8)*5.55 + ((( 'TCO Model'!$F$7/1000)*'TCO Model'!$B$6*'TCO Model'!$B$4*'TCO Model'!$B$3)*'TCO Model'!$B$9)*(A4/'TCO Model'!$B$7) -> 744.48728 | C4: ='TCO Model'!$G$4 + (A4/'TCO Model'!$G$6)*'TCO Model'!$G$5 + (A4/'TCO Model'!$B$8)*5.55 + ((( 'TCO Model'!$G$7/1000)*'TCO Model'!$B$6*'TCO Model'!$B$4*'TCO Model'!$B$3)*'TCO Model'!$B$9)*(A4/'TCO Model'!$B$7) -> 1926.7061
A5: 50000 | B5: ='TCO Model'!$F$4 + (A5/'TCO Model'!$F$6)*'TCO Model'!$F$5 + (A5/'TCO Model'!$B$8)*5.55 + ((( 'TCO Model'!$F$7/1000)*'TCO Model'!$B$6*'TCO Model'!$B$4*'TCO Model'!$B$3)*'TCO Model'!$B$9)*(A5/'TCO Model'!$B$7) -> 1082.0246 | C5: ='TCO Model'!$G$4 + (A5/'TCO Model'!$G$6)*'TCO Model'!$G$5 + (A5/'TCO Model'!$B$8)*5.55 + ((( 'TCO Model'!$G$7/1000)*'TCO Model'!$B$6*'TCO Model'!$B$4*'TCO Model'!$B$3)*'TCO Model'!$B$9)*(A5/'TCO Model'!$B$7) -> 3575.4123
A6: 75000 | B6: ='TCO Model'!$F$4 + (A6/'TCO Model'!$F$6)*'TCO Model'!$F$5 + (A6/'TCO Model'!$B$8)*5.55 + ((( 'TCO Model'!$F$7/1000)*'TCO Model'!$B$6*'TCO Model'!$B$4*'TCO Model'!$B$3)*'TCO Model'!$B$9)*(A6/'TCO Model'!$B$7) -> 1419.5618 | C6: ='TCO Model'!$G$4 + (A6/'TCO Model'!$G$6)*'TCO Model'!$G$5 + (A6/'TCO Model'!$B$8)*5.55 + ((( 'TCO Model'!$G$7/1000)*'TCO Model'!$B$6*'TCO Model'!$B$4*'TCO Model'!$B$3)*'TCO Model'!$B$9)*(A6/'TCO Model'!$B$7) -> 5224.1184
A7: 100000 | B7: ='TCO Model'!$F$4 + (A7/'TCO Model'!$F$6)*'TCO Model'!$F$5 + (A7/'TCO Model'!$B$8)*5.55 + ((( 'TCO Model'!$F$7/1000)*'TCO Model'!$B$6*'TCO Model'!$B$4*'TCO Model'!$B$3)*'TCO Model'!$B$9)*(A7/'TCO Model'!$B$7) -> 1757.0991 | C7: ='TCO Model'!$G$4 + (A7/'TCO Model'!$G$6)*'TCO Model'!$G$5 + (A7/'TCO Model'!$B$8)*5.55 + ((( 'TCO Model'!$G$7/1000)*'TCO Model'!$B$6*'TCO Model'!$B$4*'TCO Model'!$B$3)*'TCO Model'!$B$9)*(A7/'TCO Model'!$B$7) -> 6872.8245
A8: 125000 | B8: ='TCO Model'!$F$4 + (A8/'TCO Model'!$F$6)*'TCO Model'!$F$5 + (A8/'TCO Model'!$B$8)*5.55 + ((( 'TCO Model'!$F$7/1000)*'TCO Model'!$B$6*'TCO Model'!$B$4*'TCO Model'!$B$3)*'TCO Model'!$B$9)*(A8/'TCO Model'!$B$7) -> 2094.6364 | C8: ='TCO Model'!$G$4 + (A8/'TCO Model'!$G$6)*'TCO Model'!$G$5 + (A8/'TCO Model'!$B$8)*5.55 + ((( 'TCO Model'!$G$7/1000)*'TCO Model'!$B$6*'TCO Model'!$B$4*'TCO Model'!$B$3)*'TCO Model'!$B$9)*(A8/'TCO Model'!$B$7) -> 8521.5307
A9: 150000 | B9: ='TCO Model'!$F$4 + (A9/'TCO Model'!$F$6)*'TCO Model'!$F$5 + (A9/'TCO Model'!$B$8)*5.55 + ((( 'TCO Model'!$F$7/1000)*'TCO Model'!$B$6*'TCO Model'!$B$4*'TCO Model'!$B$3)*'TCO Model'!$B$9)*(A9/'TCO Model'!$B$7) -> 2432.1737 | C9: ='TCO Model'!$G$4 + (A9/'TCO Model'!$G$6)*'TCO Model'!$G$5 + (A9/'TCO Model'!$B$8)*5.55 + ((( 'TCO Model'!$G$7/1000)*'TCO Model'!$B$6*'TCO Model'!$B$4*'TCO Model'!$B$3)*'TCO Model'!$B$9)*(A9/'TCO Model'!$B$7) -> 10170.237
A10: 175000 | B10: ='TCO Model'!$F$4 + (A10/'TCO Model'!$F$6)*'TCO Model'!$F$5 + (A10/'TCO Model'!$B$8)*5.55 + ((( 'TCO Model'!$F$7/1000)*'TCO Model'!$B$6*'TCO Model'!$B$4*'TCO Model'!$B$3)*'TCO Model'!$B$9)*(A10/'TCO Model'!$B$7) -> 2769.711 | C10: ='TCO Model'!$G$4 + (A10/'TCO Model'!$G$6)*'TCO Model'!$G$5 + (A10/'TCO Model'!$B$8)*5.55 + ((( 'TCO Model'!$G$7/1000)*'TCO Model'!$B$6*'TCO Model'!$B$4*'TCO Model'!$B$3)*'TCO Model'!$B$9)*(A10/'TCO Model'!$B$7) -> 11818.943
A11: 200000 | B11: ='TCO Model'!$F$4 + (A11/'TCO Model'!$F$6)*'TCO Model'!$F$5 + (A11/'TCO Model'!$B$8)*5.55 + ((( 'TCO Model'!$F$7/1000)*'TCO Model'!$B$6*'TCO Model'!$B$4*'TCO Model'!$B$3)*'TCO Model'!$B$9)*(A11/'TCO Model'!$B$7) -> 3107.2482 | C11: ='TCO Model'!$G$4 + (A11/'TCO Model'!$G$6)*'TCO Model'!$G$5 + (A11/'TCO Model'!$B$8)*5.55 + ((( 'TCO Model'!$G$7/1000)*'TCO Model'!$B$6*'TCO Model'!$B$4*'TCO Model'!$B$3)*'TCO Model'!$B$9)*(A11/'TCO Model'!$B$7) -> 13467.649

Sheet Sources
A1: Item | B1: Source / notes
A2: Lab brief | B2: Printer-comparison TCO scenario with 5 years, 750 pages/week, 40 hours/week.
A3: Epson printer price | B3: https://www.homenoffice.sg/epson-3-in-1-colour-ink-tank-printer-ecotank-l4260
A4: Brother printer price | B4: https://www.brother.com.sg/en/printers/all-printers/dcp-l2640dw ; https://www.bestdenki.com.sg/2917343-brother-multifunction-machine-dcp-l2640dw.html
A5: Epson black ink bottle price | B5: https://www.courts.com.sg/epson-003-bk-ink-bottle-black-ip144085
A6: Epson black ink yield | B6: https://www.homenoffice.sg/epson-ink-bottle-003
A7: Brother TN2560 toner price and yield | B7: https://www.brother.com.sg/en/supplies/supplies-detail/tn2560
A8: Paper ream price | B8: https://stationeryworld.com.sg/paper-products/copier-papers
A9: Electricity tariff | B9: https://www.ema.gov.sg/consumer-information/electricity/buying-electricity/buying-at-regulated-tariff
A10: Epson ready power | B10: https://www.epson.eu/en_EU/products/printers/inkjet/consumer/ecotank-l4260-multifunction-wi-fi-ink-tank-a4-printer%2C-with-up-to-3-years-of-ink-included/p/30601
A11: Brother ready power | B11: https://www.brother.com.sg/en/printers/all-printers/dcp-l2640dw
